{
  "project_info": {
    "project_number": "228293665430",
    "firebase_url": "https://cana-app.firebaseio.com",
    "project_id": "cana-app",
    "storage_bucket": "cana-app.appspot.com"
  },
  "client": [
    {
      "client_info": {
        "mobilesdk_app_id": "1:228293665430:android:dd446f12a76fa3b0",
        "android_client_info": {
          "package_name": "com.gmarkham.cana"
        }
      },
      "oauth_client": [
        {
          "client_id": "228293665430-ekbhm7htl9jqa04nks9u3t0unqpnhl89.apps.googleusercontent.com",
          "client_type": 3
        }
      ],
      "api_key": [
        {
          "current_key": "AIzaSyAtSiI7-wT4ZmbErXcMuKkJM4h1_s5WwTU"
        }
      ],
      "services": {
        "analytics_service": {
          "status": 1
        },
        "appinvite_service": {
          "status": 1,
          "other_platform_oauth_client": []
        },
        "ads_service": {
          "status": 2
        }
      }
    }
  ],
  "configuration_version": "1"
}